<?xml version="1.0" encoding="UTF-8"?>
<project-private xmlns="http://www.netbeans.org/ns/project-private/1">
    <editor-bookmarks xmlns="http://www.netbeans.org/ns/editor-bookmarks/2" lastBookmarkId="0"/>
    <open-files xmlns="http://www.netbeans.org/ns/projectui-open-files/2">
        <group>
            <file>file:/C:/Users/alexa/OneDrive/Documents/NetBeansProjects/ScholarTrack/src/AccountRequests.java</file>
            <file>file:/C:/Users/alexa/OneDrive/Documents/NetBeansProjects/ScholarTrack/src/StudScholarshipPage.java</file>
            <file>file:/C:/Users/alexa/OneDrive/Documents/NetBeansProjects/ScholarTrack/src/AdminDashboard.java</file>
            <file>file:/C:/Users/alexa/OneDrive/Documents/NetBeansProjects/ScholarTrack/src/Scholarships.java</file>
            <file>file:/C:/Users/alexa/OneDrive/Documents/NetBeansProjects/ScholarTrack/src/Users.java</file>
            <file>file:/C:/Users/alexa/OneDrive/Documents/NetBeansProjects/ScholarTrack/src/WelcomePage.java</file>
            <file>file:/C:/Users/alexa/OneDrive/Documents/NetBeansProjects/ScholarTrack/src/ApplicationDetailsDialog.java</file>
            <file>file:/C:/Users/alexa/OneDrive/Documents/NetBeansProjects/ScholarTrack/src/ButtonRenderer.java</file>
            <file>file:/C:/Users/alexa/OneDrive/Documents/NetBeansProjects/ScholarTrack/src/Profile.java</file>
            <file>file:/C:/Users/alexa/OneDrive/Documents/NetBeansProjects/ScholarTrack/src/AdminLoginForm.java</file>
            <file>file:/C:/Users/alexa/OneDrive/Documents/NetBeansProjects/ScholarTrack/src/Dashboard.java</file>
            <file>file:/C:/Users/alexa/OneDrive/Documents/NetBeansProjects/ScholarTrack/src/ButtonEditor/ButtonEditor.java</file>
            <file>file:/C:/Users/alexa/OneDrive/Documents/NetBeansProjects/ScholarTrack/src/StudentSignUpForm.java</file>
            <file>file:/C:/Users/alexa/OneDrive/Documents/NetBeansProjects/ScholarTrack/src/StudApplicationPage.java</file>
            <file>file:/C:/Users/alexa/OneDrive/Documents/NetBeansProjects/ScholarTrack/src/Applicants.java</file>
            <file>file:/C:/Users/alexa/OneDrive/Documents/NetBeansProjects/ScholarTrack/src/StudentNotificationsDialog.java</file>
            <file>file:/C:/Users/alexa/OneDrive/Documents/NetBeansProjects/ScholarTrack/src/DriverManager.java</file>
            <file>file:/C:/Users/alexa/OneDrive/Documents/NetBeansProjects/ScholarTrack/src/StudentLoginForm.java</file>
            <file>file:/C:/Users/alexa/OneDrive/Documents/NetBeansProjects/ScholarTrack/src/NotificationUtil.java</file>
        </group>
    </open-files>
</project-private>
